Potential,Flux
10.0,-0.0
9.9799899949975,-9.5430776e-05
9.959979989994997,-0.00014314617
9.939969984992496,-2.3857694e-05
9.919959979989995,-0.00016700386
9.899949974987495,-0.00026243462
9.879939969984992,-0.00028629234
9.859929964982491,-0.00026243462
9.83991995997999,-0.00031015003
9.819909954977488,-0.000119288474
9.799899949974987,-0.00014314617
9.779889944972487,-9.5430776e-05
9.759879939969984,-0.00014314617
9.739869934967484,-4.7715388e-05
9.719859929964983,-7.1573086e-05
9.699849924962482,-7.1573086e-05
9.67983991995998,-0.0
9.659829914957479,-7.1573086e-05
9.639819909954978,-2.3857694e-05
9.619809904952476,-4.7715388e-05
9.599799899949975,-7.1573086e-05
9.579789894947474,7.1573086e-05
9.559779889944972,-0.00014314617
9.539769884942471,-2.3857694e-05
9.51975987993997,-0.00014314617
9.499749874937468,-9.5430776e-05
9.479739869934967,-7.1573086e-05
9.459729864932466,-7.1573086e-05
9.439719859929966,-9.5430776e-05
9.419709854927463,2.3857694e-05
9.399699849924962,-7.1573086e-05
9.379689844922462,2.3857694e-05
9.35967983991996,-4.7715388e-05
9.339669834917459,-9.5430776e-05
9.319659829914958,-4.7715388e-05
9.299649824912457,-0.00014314617
9.279639819909955,-4.7715388e-05
9.259629814907454,-7.1573086e-05
9.239619809904953,-7.1573086e-05
9.21960980490245,-9.5430776e-05
9.19959979989995,-9.5430776e-05
9.17958979489745,-0.000119288474
9.159579789894947,-7.1573086e-05
9.139569784892446,-0.00016700386
9.119559779889945,-0.000119288474
9.099549774887445,-7.1573086e-05
9.079539769884942,-7.1573086e-05
9.059529764882441,-4.7715388e-05
9.03951975987994,-0.00019086155
9.019509754877438,-0.00031015003
8.999499749874937,-0.00016700386
8.979489744872437,-0.00014314617
8.959479739869934,-0.00021471924
8.939469734867433,-0.00019086155
8.919459729864933,-0.00021471924
8.899449724862432,-0.00019086155
8.87943971985993,-0.00021471924
8.859429714857429,-0.00023857695
8.839419709854928,-0.00026243462
8.819409704852426,-0.00016700386
8.799399699849925,-9.5430776e-05
8.779389694847424,-9.5430776e-05
8.759379689844923,-0.00016700386
8.739369684842421,-0.00028629234
8.71935967983992,-0.00019086155
8.69934967483742,-0.00021471924
8.679339669834917,-0.00019086155
8.659329664832416,-0.00023857695
8.639319659829916,-0.00014314617
8.619309654827413,-0.00014314617
8.599299649824912,-0.00021471924
8.579289644822412,-0.00014314617
8.55927963981991,-0.000119288474
8.539269634817408,-0.00028629234
8.519259629814908,-0.0003578654
8.499249624812407,-0.00014314617
8.479239619809904,-0.00021471924
8.459229614807404,-0.00023857695
8.439219609804903,-0.00019086155
8.4192096048024,-0.00028629234
8.3991995997999,-0.0003578654
8.379189594797399,-0.00028629234
8.359179589794898,-0.00026243462
8.339169584792396,-0.0003578654
8.319159579789895,-0.00026243462
8.299149574787394,-0.00031015003
8.279139569784892,-0.00033400772
8.259129564782391,-0.0004055808
8.23911955977989,-0.00033400772
8.219109554777388,-0.00033400772
8.199099549774887,-0.00033400772
8.179089544772387,-0.00028629234
8.159079539769884,-0.0004771539
8.139069534767383,-0.0003578654
8.119059529764883,-0.00026243462
8.099049524762382,-0.0003817231
8.07903951975988,-0.0004771539
8.059029514757379,-0.0004771539
8.039019509754878,-0.00054872694
8.019009504752376,-0.0003817231
7.998999499749875,-0.0004771539
7.978989494747374,-0.00052486925
7.9589794897448725,-0.00052486925
7.938969484742371,-0.0003817231
7.91895947973987,-0.00062030007
7.8989494747373685,-0.00050101156
7.878939469734867,-0.00050101156
7.858929464732366,-0.00054872694
7.8389194597298655,-0.0003817231
7.818909454727364,-0.00050101156
7.798899449724862,-0.00052486925
7.7788894447223615,-0.00045329618
7.75887943971986,-0.0005964424
7.738869434717358,-0.00052486925
7.718859429714858,-0.00062030007
7.698849424712357,-0.00052486925
7.678839419709854,-0.00052486925
7.658829414707354,-0.00045329618
7.638819409704853,-0.0005725847
7.618809404702351,-0.00066801545
7.59879939969985,-0.0007157308
7.578789394697349,-0.00069187314
7.558779389694847,-0.00069187314
7.538769384692346,-0.00066801545
7.518759379689845,-0.00064415776
7.498749374687344,-0.0005964424
7.478739369684842,-0.0007634462
7.458729364682341,-0.0007157308
7.43871935967984,-0.00069187314
7.418709354677339,-0.00069187314
7.398699349674837,-0.0007395885
7.3786893446723365,-0.0007634462
7.358679339669835,-0.0007395885
7.338669334667333,-0.00090659235
7.318659329664833,-0.00090659235
7.298649324662332,-0.0008111616
7.278639319659829,-0.0007873039
7.258629314657329,-0.00088273466
7.238619309654828,-0.0007634462
7.218609304652326,-0.0008350193
7.198599299649825,-0.0009781654
7.178589294647324,-0.0009781654
7.158579289644822,-0.0010020231
7.138569284642321,-0.0010258808
7.11855927963982,-0.0011213116
7.098549274637319,-0.0010020231
7.078539269634817,-0.0009543078
7.058529264632316,-0.0011213116
7.038519259629815,-0.0010735962
7.018509254627314,-0.0011690271
6.998499249624812,-0.0012167424
6.9784892446223115,-0.0012406001
6.95847923961981,-0.0011928848
6.938469234617308,-0.0012644578
6.9184592296148075,-0.0011928848
6.898449224612307,-0.0013598886
6.878439219609805,-0.0013121732
6.858429214607304,-0.0013837463
6.838419209604803,-0.0014553193
6.818409204602301,-0.001479177
6.7983991995998,-0.0014553193
6.778389194597299,-0.0015030347
6.758379189594797,-0.001479177
6.738369184592296,-0.0015030347
6.718359179589795,-0.0013837463
6.698349174587294,-0.0016223232
6.678339169584793,-0.0017177539
6.658329164582291,-0.0015746078
6.63831915957979,-0.0016938963
6.618309154577289,-0.0016461809
6.598299149574787,-0.0017654693
6.578289144572286,-0.0017177539
6.558279139569785,-0.0017416116
6.538269134567283,-0.0019086156
6.5182591295647825,-0.0018847578
6.498249124562282,-0.0019324733
6.47823911955978,-0.0020040462
6.4582291145572785,-0.0019324733
6.438219109554778,-0.0019801885
6.418209104552276,-0.0019801885
6.398199099549775,-0.0020040462
6.378189094547274,-0.0020756193
6.358179089544772,-0.0021949077
6.338169084542271,-0.0022903387
6.31815907953977,-0.0022903387
6.298149074537269,-0.0023857695
6.278139069534768,-0.0023380541
6.258129064532266,-0.002433485
6.238119059529765,-0.002505058
6.218109054527264,-0.0024573426
6.198099049524762,-0.0025289156
6.178089044522261,-0.0026720618
6.15807903951976,-0.0026959195
6.138069034517258,-0.0027197772
6.118059029514757,-0.0027913502
6.098049024512257,-0.002815208
6.078039019509755,-0.0028629233
6.0580290145072535,-0.0030060695
6.038019009504753,-0.0029106387
6.018009004502251,-0.0030776425
5.99799899949975,-0.0031730733
5.977988994497249,-0.0032446464
5.957978989494747,-0.003268504
5.9379689844922465,-0.0033400771
5.917958979489745,-0.0033400771
5.897948974487243,-0.0034355079
5.877938969484743,-0.003578654
5.857928964482241,-0.0034832233
5.83791895947974,-0.0036740848
5.817908954477239,-0.0037218002
5.797898949474737,-0.0037456579
5.777888944472236,-0.0038172312
5.757878939469735,-0.0040080925
5.737868934467234,-0.003960377
5.717858929464732,-0.004127381
5.697848924462232,-0.0042466694
5.67783891945973,-0.004270527
5.6578289144572285,-0.004413673
5.637818909454728,-0.0044852463
5.617808904452226,-0.0046761082
5.597798899449725,-0.0046522506
5.577788894447224,-0.0047238236
5.557778889444722,-0.00486697
5.5377688844422215,-0.0049624005
5.51775887943972,-0.005081689
5.497748874437219,-0.005010116
5.4777388694347176,-0.005391839
5.457728864432216,-0.0052009774
5.437718859429715,-0.005391839
5.417708854427214,-0.0055111274
5.397698849424713,-0.0057497043
5.377688844422211,-0.0057974197
5.35767883941971,-0.0058928505
5.337668834417209,-0.0061075697
5.317658829414707,-0.0062030004
5.297648824412207,-0.0063461466
5.277638819409705,-0.006560866
5.257628814407203,-0.0064415773
5.237618809404703,-0.006775585
5.217608804402201,-0.0069664465
5.1975987993997,-0.007014162
5.177588794397199,-0.0070380196
5.157578789394697,-0.0073481696
5.137568784392196,-0.0074436003
5.117558779389695,-0.00765832
5.097548774387194,-0.0076106046
5.0775387693846925,-0.007873039
5.057528764382191,-0.008016185
5.03751875937969,-0.008111616
5.017508754377189,-0.0082786195
4.997498749374688,-0.008541054
4.977488744372186,-0.0086842
4.957478739369685,-0.008922777
4.937468734367184,-0.00911364
4.917458729364682,-0.009232928
4.897448724362182,-0.009543078
4.87743871935968,-0.00951922
4.857428714357178,-0.009805513
4.837418709354678,-0.010020232
4.817408704352176,-0.010163378
4.797398699349675,-0.010378097
4.777388694347174,-0.010592816
4.757378689344672,-0.010807536
4.737368684342171,-0.0110461125
4.71735867933967,-0.011284689
4.697348674337169,-0.011499409
4.6773386693346675,-0.011618697
4.657328664332166,-0.012024278
4.637318659329665,-0.012215139
4.6173086543271635,-0.012429859
4.597298649324663,-0.012716151
4.577288644322161,-0.012978585
4.55727863931966,-0.013217162
4.537268634317159,-0.0133603085
4.517258629314657,-0.013598885
4.4972486243121566,-0.013909035
4.477238619309655,-0.014099897
4.457228614307153,-0.014529335
4.437218609304653,-0.014720197
4.417208604302151,-0.0150542045
4.39719859929965,-0.01531664
4.377188594297149,-0.015746078
4.357178589294647,-0.016103944
4.337168584292146,-0.016270947
4.317158579289645,-0.016557239
4.297148574287144,-0.016891247
4.277138569284642,-0.017105967
4.257128564282141,-0.017606977
4.23711855927964,-0.01789327
4.2171085542771385,-0.018346567
4.197098549274638,-0.018776005
4.177088544272136,-0.018990725
4.1570785392696346,-0.01946788
4.137068534267134,-0.019849602
4.117058529264632,-0.020255182
4.0970485242621315,-0.020517617
4.07703851925963,-0.020947056
4.057028514257128,-0.02142421
4.037018509254628,-0.021758217
4.017008504252126,-0.022259228
3.9969984992496252,-0.022688666
3.9769884942471236,-0.023189679
3.956978489244623,-0.02369069
3.9369684842421213,-0.024143986
3.9169584792396197,-0.024716571
3.896948474237119,-0.025217583
3.8769384692346174,-0.025623163
3.8569284642321167,-0.026028745
3.836918459229615,-0.026744476
3.8169084542271134,-0.02722163
3.7968984492246127,-0.027794214
3.776888444222111,-0.02824751
3.7568784392196104,-0.028772378
3.736868434217109,-0.029368822
3.716858429214607,-0.030012978
3.6968484242121065,-0.030561706
3.676838419209605,-0.031301294
3.656828414207104,-0.031826165
3.6368184092046025,-0.03227946
3.616808404202101,-0.033019047
3.5967983991996,-0.033782493
3.5767883941970986,-0.03423579
3.556778389194598,-0.034999236
3.5367683841920963,-0.035500247
3.5167583791895947,-0.036239836
3.496748374187094,-0.037003282
3.4767383691845923,-0.03769516
3.4567283641820916,-0.03848246
3.43671835917959,-0.039245907
3.4167083541770884,-0.039961636
3.3966983491745877,-0.0407728
3.376688344172086,-0.04146467
3.3566783391695854,-0.042371266
3.3366683341670837,-0.043086994
3.316658329164582,-0.04399359
3.2966483241620814,-0.04490018
3.27663831915958,-0.045687485
3.256628314157079,-0.046689507
3.2366183091545775,-0.0475961
3.216608304152076,-0.048574265
3.196598299149575,-0.04948086
3.1765882941470736,-0.050411306
3.156578289144573,-0.051389474
3.1365682841420712,-0.05231992
3.1165582791395696,-0.053345803
3.096548274137069,-0.054419402
3.0765382691345673,-0.055397566
3.0565282641320666,-0.056542736
3.036518259129565,-0.057544757
3.0165082541270634,-0.058618356
2.9964982491245626,-0.059715807
2.976488244122061,-0.060813263
2.9564782391195603,-0.062006146
2.9364682341170587,-0.0631036
2.916458229114557,-0.06424877
2.8964482241120564,-0.06551323
2.8764382191095548,-0.06672997
2.856428214107054,-0.06799443
2.8364182091045524,-0.06940203
2.816408204102051,-0.07057106
2.79639819909955,-0.0719548
2.7763881940970485,-0.07338627
2.756378189094548,-0.074674584
2.736368184092046,-0.0759629
2.7163581790895446,-0.07748979
2.696348174087044,-0.07899283
2.6763381690845423,-0.08037657
2.6563281640820415,-0.08199889
2.63631815907954,-0.08347807
2.6163081540770383,-0.084981106
2.5962981490745376,-0.086675
2.576288144072036,-0.08805875
2.5562781390695353,-0.08989579
2.5362681340670337,-0.09151811
2.516258129064532,-0.09325973
2.4962481240620313,-0.09507291
2.4762381190595297,-0.09676681
2.456228114057029,-0.098579995
2.4362181090545274,-0.10056018
2.416208104052026,-0.10213479
2.396198099049525,-0.10418655
2.3761880940470235,-0.10595202
2.3561780890445227,-0.10790835
2.336168084042021,-0.10969768
2.3161580790395195,-0.111797154
2.296148074037019,-0.11377734
2.276138069034517,-0.11575753
2.2561280640320165,-0.11773772
2.236118059029515,-0.11990877
2.216108054027014,-0.12219911
2.1960980490245126,-0.12420315
2.176088044022011,-0.12658893
2.1560780390195102,-0.12847368
2.1360680340170086,-0.13095488
2.116058029014508,-0.13305436
2.0960480240120063,-0.1355117
2.0760380190095047,-0.13775432
2.056028014007004,-0.14025939
2.0360180090045024,-0.14290759
2.0160080040020016,-0.14507864
1.9959979989994991,-0.14770298
1.9759879939969984,-0.1502319
1.9559779889944977,-0.15292782
1.935967983991997,-0.15555216
1.9159579789894945,-0.15824808
1.8959479739869938,-0.16089629
1.875937968984493,-0.16368765
1.8559279639819906,-0.1665267
1.8359179589794898,-0.16938964
1.8159079539769891,-0.17230026
1.7958979489744866,-0.17506775
1.775887943971986,-0.17802611
1.7558779389694852,-0.18110375
1.7358679339669845,-0.18403825
1.715857928964482,-0.1872829
1.6958479239619813,-0.19016968
1.6758379189594805,-0.1934859
1.655827913956978,-0.19661126
1.6358179089544773,-0.19973661
1.6158079039519766,-0.20293355
1.595797898949474,-0.20617819
1.5757878939469734,-0.20958984
1.5557778889444727,-0.2130492
1.535767883941972,-0.21622229
1.5157578789394694,-0.2197055
1.4957478739369687,-0.22318873
1.475737868934468,-0.22674352
1.4557278639319655,-0.23022676
1.4357178589294648,-0.23390083
1.415707853926964,-0.23757492
1.3956978489244634,-0.24112971
1.3756878439219609,-0.24477994
1.3556778389194601,-0.24859717
1.3356678339169594,-0.2523667
1.315657828914457,-0.25627935
1.2956478239119562,-0.26009658
1.2756378189094555,-0.26410466
1.255627813906953,-0.26801732
1.2356178089044523,-0.27197772
1.2156078039019516,-0.27603352
1.1955977988994508,-0.28001776
1.1755877938969483,-0.28419286
1.1555777888944476,-0.2883441
1.135567783891947,-0.29244763
1.1155577788894444,-0.29669428
1.0955477738869437,-0.30084553
1.075537768884443,-0.30516377
1.0555277638819405,-0.30952972
1.0355177588794398,-0.31382412
1.015507753876939,-0.3182139
0.9954977488744383,-0.32274687
0.9754877438719358,-0.3271367
0.9554777388694351,-0.33157423
0.9354677338669344,-0.3359879
0.9154577288644319,-0.34059244
0.8954477238619312,-0.34522083
0.8754377188594304,-0.3498015
0.855427713856928,-0.35435832
0.8354177088544272,-0.3590583
0.8154077038519265,-0.3637344
0.7953976988494258,-0.36850595
0.7753876938469233,-0.3732536
0.7553776888444226,-0.3780013
0.7353676838419219,-0.38260585
0.7153576788394194,-0.38744897
0.6953476738369186,-0.39231592
0.6753376688344179,-0.3970636
0.6553276638319154,-0.40193057
0.6353176588294147,-0.4067498
0.615307653826914,-0.41168836
0.5952976488244133,-0.41660306
0.5752876438219108,-0.42151773
0.5552776388194101,-0.42638472
0.5352676338169093,-0.4312994
0.5152576288144068,-0.43638107
0.4952476238119061,-0.44146279
0.4752376188094054,-0.44630587
0.4552276138069029,-0.45122057
0.4352176088044022,-0.45630226
0.41520760380190147,-0.46133623
0.39519759879940075,-0.46625093
0.37518759379689826,-0.4712849
0.35517758879439754,-0.4764143
0.3351675837918968,-0.48151985
0.3151575787893943,-0.4864584
0.2951475737868936,-0.49149236
0.2751375687843929,-0.49664563
0.2551275637818904,-0.50156033
0.23511755877938967,-0.5067374
0.21510755377688895,-0.5117237
0.19509754877438823,-0.51687694
0.17508754377188573,-0.5217678
0.15507753876938501,-0.52680176
0.1350675337668843,-0.5317403
0.1150575287643818,-0.53696513
0.09504752376188108,-0.5419275
0.07503751875938036,-0.5467468
0.055027513756877866,-0.55185235
0.03501750875437715,-0.5568386
0.015007503751876428,-0.5616817
-0.005002501250624292,-0.5666441
-0.025012506253126787,-0.571523
-0.045022511255627506,-0.5764735
-0.06503251625812823,-0.5814001
-0.08504252126063072,-0.5860643
-0.10505252626313144,-0.5910624
-0.12506253126563216,-0.5957982
-0.14507253626813466,-0.60060555
-0.16508254127063537,-0.6055321
-0.1850925462731361,-0.6101844
-0.2051025512756368,-0.61501557
-0.2251125562781393,-0.61959624
-0.24512256128064003,-0.62435585
-0.26513256628314075,-0.6289365
-0.28514257128564324,-0.6335888
-0.30515257628814396,-0.63822913
-0.3251625812906447,-0.6428217
-0.3451725862931454,-0.6472473
-0.3651825912956479,-0.651828
-0.3851925962981486,-0.656349
-0.40520260130064933,-0.6607388
-0.42521260630315183,-0.6651644
-0.44522261130565255,-0.6694588
-0.46523261630815327,-0.6738725
-0.48524262131065576,-0.6780953
-0.5052526263131565,-0.6824016
-0.5252626313156572,-0.68667215
-0.5452726363181579,-0.69088304
-0.5652826413206604,-0.6949031
-0.5852926463231611,-0.6990662
-0.6053026513256619,-0.70314586
-0.6253126563281644,-0.7071778
-0.6453226613306651,-0.71115017
-0.6653326663331658,-0.7150509
-0.6853426713356683,-0.719214
-0.705352676338169,-0.72300744
-0.7253626813406697,-0.72683656
-0.7453726863431704,-0.7305703
-0.7653826913456729,-0.73435175
-0.7853926963481737,-0.73799
-0.8054027013506744,-0.74179536
-0.8254127063531769,-0.7454217
-0.8454227113556776,-0.7490362
-0.8654327163581783,-0.7526148
-0.8854427213606808,-0.7561458
-0.9054527263631815,-0.7597721
-0.9254627313656822,-0.7631241
-0.945472736368183,-0.7666312
-0.9654827413706855,-0.7697924
-0.9854927463731862,-0.7732279
-1.005502751375687,-0.77644867
-1.0255127563781894,-0.77988416
-1.0455227613806901,-0.7829737
-1.0655327663831908,-0.78624225
-1.0855427713856933,-0.7892722
-1.105552776388194,-0.79232
-1.1255627813906948,-0.7953499
-1.1455727863931955,-0.79850507
-1.165582791395698,-0.80139786
-1.1855927963981987,-0.80421305
-1.2056028014006994,-0.8071416
-1.225612806403202,-0.80986136
-1.2456228114057026,-0.8127541
-1.2656328164082034,-0.81552756
-1.2856428214107058,-0.81805646
-1.3056528264132066,-0.82087165
-1.3256628314157073,-0.82347214
-1.345672836418208,-0.8262158
-1.3656828414207105,-0.82860756
-1.3856928464232112,-0.83116627
-1.405702851425712,-0.83355206
-1.4257128564282144,-0.8360213
-1.4457228614307152,-0.838419
-1.4657328664332159,-0.8409837
-1.4857428714357184,-0.8432263
-1.505752876438219,-0.8455167
-1.5257628814407198,-0.8477772
-1.5457728864432205,-0.8498111
-1.565782891445723,-0.8520537
-1.5857928964482237,-0.8541651
-1.6058029014507245,-0.85638386
-1.625812906453227,-0.8584535
-1.6458229114557277,-0.86046946
-1.6658329164582284,-0.8625272
-1.685842921460731,-0.864573
-1.7058529264632316,-0.8664518
-1.7258629314657323,-0.8684678
-1.745872936468233,-0.8703048
-1.7658829414707355,-0.8721896
-1.7858929464732363,-0.8740147
-1.805902951475737,-0.8758159
-1.8259129564782395,-0.8776649
-1.8459229614807402,-0.87926936
-1.865932966483241,-0.8809036
-1.8859429714857434,-0.88270485
-1.9059529764882441,-0.8842795
-1.9259629814907449,-0.8859316
-1.9459729864932456,-0.88756585
-1.965982991495748,-0.88910466
-1.9859929964982488,-0.89067334
-2.0060030015007495,-0.892063
-2.026013006503252,-0.8936138
-2.0460230115057527,-0.89516455
-2.0660330165082534,-0.8965304
-2.086043021510754,-0.8979261
-2.1060530265132567,-0.8993993
-2.1260630315157574,-0.900628
-2.146073036518258,-0.90218467
-2.1660830415207606,-0.903294
-2.1860930465232613,-0.90475535
-2.206103051525762,-0.9059363
-2.2261130565282645,-0.9071948
-2.2461230615307652,-0.9083817
-2.266133066533266,-0.9097535
-2.2861430715357667,-0.9109285
-2.306153076538269,-0.91209155
-2.32616308154077,-0.91313535
-2.3461730865432706,-0.9142507
-2.366183091545773,-0.9154018
-2.386193096548274,-0.9164516
-2.4062031015507745,-0.9174655
-2.426213106553277,-0.9185272
-2.4462231115557778,-0.9195948
-2.4662331165582785,-0.9206386
-2.486243121560779,-0.9214199
-2.5062531265632817,-0.92251736
-2.5262631315657824,-0.9234538
-2.546273136568283,-0.9242888
-2.5662831415707856,-0.9252968
-2.5862931465732864,-0.9261974
-2.606303151575787,-0.92706823
-2.6263131565782896,-0.9278913
-2.6463231615807903,-0.9285832
-2.666333166583291,-0.9295196
-2.6863431715857917,-0.9304799
-2.706353176588294,-0.93115985
-2.726363181590795,-0.93195164
-2.7463731865932957,-0.9328045
-2.766383191595798,-0.93359333
-2.786393196598299,-0.9343448
-2.8064032016007996,-0.9348816
-2.826413206603302,-0.935657
-2.846423211605803,-0.93620574
-2.8664332166083035,-0.93705267
-2.8864432216108042,-0.93771476
-2.9064532266133067,-0.9383887
-2.9264632316158075,-0.93905675
-2.946473236618308,-0.93964124
-2.9664832416208107,-0.9402198
-2.9864932466233114,-0.9407506
-3.006503251625812,-0.9414962
-3.0265132566283146,-0.9420926
-3.0465232616308153,-0.9425519
-3.066533266633316,-0.94292766
-3.0865432716358168,-0.9436315
-3.1065532766383193,-0.94421
-3.12656328164082,-0.9446156
-3.1465732866433207,-0.94534326
-3.166583291645823,-0.94572496
-3.186593296648324,-0.9463691
-3.2066033016508246,-0.94676274
-3.226613306653327,-0.9472459
-3.246623311655828,-0.94770515
-3.2666333166583286,-0.94821215
-3.2866433216608293,-0.9485342
-3.306653326663332,-0.9490829
-3.3266633316658325,-0.9494229
-3.346673336668333,-0.949912
-3.3666833416708357,-0.95047265
-3.3866933466733364,-0.9507768
-3.406703351675837,-0.95119435
-3.4267133566783397,-0.9515999
-3.4467233616808404,-0.9519399
-3.466733366683341,-0.95235145
-3.486743371685842,-0.9527272
-3.5067533766883443,-0.95308506
-3.526763381690845,-0.9535205
-3.5467733866933457,-0.9538425
-3.5667833916958482,-0.9541944
-3.586793396698349,-0.954606
-3.6068034017008497,-0.9548923
-3.626813406703352,-0.9552382
-3.646823411705853,-0.9553694
-3.6668334167083536,-0.9556617
-3.6868434217108543,-0.95615077
-3.706853426713357,-0.9562999
-3.7268634317158575,-0.9567114
-3.7468734367183583,-0.95689034
-3.7668834417208608,-0.9572661
-3.7868934467233615,-0.95751065
-3.806903451725862,-0.9579222
-3.826913456728363,-0.95801765
-3.8469234617308654,-0.9584769
-3.866933466733366,-0.9586797
-3.886943471735867,-0.9589004
-3.9069534767383693,-0.9591449
-3.92696348174087,-0.95933574
-3.946973486743371,-0.95952666
-3.9669834917458733,-0.95987856
-3.986993496748374,-0.9601529
-4.007003501750875,-0.96036166
-4.027013506753375,-0.9604511
-4.047023511755878,-0.96081495
-4.067033516758379,-0.96094614
-4.087043521760879,-0.961143
-4.107053526763382,-0.96145314
-4.127063531765883,-0.96157837
-4.147073536768383,-0.96164995
-4.167083541770886,-0.9619542
-4.1870935467733865,-0.9620913
-4.207103551775887,-0.9624373
-4.227113556778388,-0.96242535
-4.2471235617808905,-0.9627892
-4.267133566783391,-0.9630039
-4.287143571785892,-0.9629741
-4.307153576788394,-0.96324843
-4.327163581790895,-0.9635228
-4.347173586793396,-0.96360034
-4.367183591795898,-0.9637017
-4.387193596798399,-0.96383893
-4.4072036018009,-0.9640059
-4.4272136068034005,-0.96420276
-4.447223611805903,-0.9642982
-4.467233616808404,-0.9644771
-4.487243621810904,-0.96467394
-4.507253626813407,-0.96472764
-4.527263631815908,-0.96502584
-4.547273636818408,-0.9651153
-4.567283641820911,-0.9652286
-4.587293646823412,-0.96533597
-4.607303651825912,-0.9654433
-4.627313656828413,-0.96552086
-4.6473236618309155,-0.96569383
-4.667333666833416,-0.96575946
-4.687343671835917,-0.9658072
-4.707353676838419,-0.96601
-4.72736368184092,-0.96623063
-4.747373686843421,-0.96616507
-4.767383691845923,-0.9663738
-4.787393696848424,-0.96655273
-4.807403701850925,-0.96666604
-4.8274137068534255,-0.9666243
-4.847423711855928,-0.96673167
-4.867433716858429,-0.96685094
-4.8874437218609295,-0.96688074
-4.907453726863432,-0.9669822
-4.927463731865933,-0.9671372
-4.947473736868433,-0.96714914
-4.967483741870936,-0.96725655
-4.987493746873437,-0.9673102
-5.007503751875937,-0.9675309
-5.027513756878438,-0.9674295
-5.0475237618809405,-0.9676025
-5.067533766883441,-0.96772176
-5.087543771885942,-0.9677993
-5.1075537768884445,-0.9678589
-5.127563781890945,-0.9679424
-5.147573786893446,-0.9679723
-5.167583791895948,-0.9679663
-5.187593796898449,-0.9681512
-5.20760380190095,-0.96828836
-5.227613806903451,-0.9681393
-5.247623811905953,-0.9683778
-5.267633816908454,-0.96838975
-5.2876438219109545,-0.96849114
-5.307653826913457,-0.9685687
-5.327663831915958,-0.96859854
-5.347673836918458,-0.9684852
-5.367683841920961,-0.96874166
-5.387693846923462,-0.9687536
-5.407703851925962,-0.9687775
-5.427713856928463,-0.9688371
-5.447723861930966,-0.96884304
-5.467733866933466,-0.968849
-5.487743871935967,-0.96908164
-5.5077538769384695,-0.96902794
-5.52776388194097,-0.9690697
-5.547773886943471,-0.9690697
-5.567783891945972,-0.9690995
-5.587793896948474,-0.96924865
-5.607803901950975,-0.96920687
-5.627813906953476,-0.9692546
-5.647823911955978,-0.96921283
-5.667833916958479,-0.969523
-5.6878439219609795,-0.96946335
-5.707853926963482,-0.9694992
-5.727863931965983,-0.9694932
-5.7478739369684835,-0.9694693
-5.767883941970984,-0.969529
-5.787893946973487,-0.96970195
-5.807903951975987,-0.9697676
-5.827913956978488,-0.96973175
-5.847923961980991,-0.96981525
-5.867933966983491,-0.96973175
-5.887943971985992,-0.96995246
-5.907953976988495,-0.9698093
-5.927963981990995,-0.96980333
-5.947973986993496,-0.97013736
-5.967983991995997,-0.96988684
-5.987993996998499,-0.9699345
-6.008004002001002,-0.97007173
-6.028014007003502,-0.97008365
-6.048024012006003,-0.97000015
-6.068034017008504,-0.97018504
-6.088044022011005,-0.97015524
-6.108054027013505,-0.97011346
-6.128064032016006,-0.97019696
-6.14807403701851,-0.97030437
-6.168084042021011,-0.9702149
-6.188094047023512,-0.9703998
-6.2081040520260125,-0.9704177
-6.228114057028513,-0.9701791
-6.248124062031014,-0.970358
-6.268134067033515,-0.9704833
-6.288144072036019,-0.97020894
-6.30815407703852,-0.97034013
-6.32816408204102,-0.97025067
-6.348174087043521,-0.97043556
-6.368184092046022,-0.9706145
-6.3881940970485225,-0.97048926
-6.408204102051027,-0.9704296
-6.4282141070535275,-0.9704177
-6.448224112056028,-0.9704296
-6.468234117058529,-0.9706324
-6.48824412206103,-0.9706563
-6.50825412706353,-0.9706801
-6.528264132066031,-0.97050714
-6.548274137068535,-0.9705608
-6.568284142071036,-0.97053695
-6.588294147073537,-0.9706861
-6.6083041520760375,-0.9706563
-6.628314157078538,-0.9708232
-6.648324162081039,-0.9707099
-6.66833416708354,-0.9708531
-6.688344172086044,-0.97066224
-6.708354177088545,-0.97084713
-6.728364182091045,-0.97087693
-6.748374187093546,-0.9708113
-6.768384192096047,-0.97080535
-6.7883941970985475,-0.97088885
-6.808404202101052,-0.97080535
-6.8284142071035525,-0.97087693
-6.848424212106053,-0.9707517
-6.868434217108554,-0.9708292
-6.888444222111055,-0.97094256
-6.908454227113555,-0.9708829
-6.928464232116056,-0.9709127
-6.94847423711856,-0.97096044
-6.968484242121061,-0.9709366
-6.988494247123562,-0.97102606
-7.0085042521260625,-0.97091866
-7.028514257128563,-0.9708948
-7.048524262131064,-0.9710916
-7.068534267133565,-0.97094256
-7.088544272136069,-0.97087693
-7.10855427713857,-0.97101414
-7.12856428214107,-0.97096044
-7.148574287143571,-0.97099024
-7.168584292146072,-0.9710081
-7.188594297148573,-0.97090673
-7.208604302151073,-0.9711036
-7.228614307153578,-0.97117513
-7.248624312156078,-0.97102606
-7.268634317158579,-0.97099024
-7.28864432216108,-0.97101414
-7.30865432716358,-0.9711513
-7.328664332166081,-0.9711692
-7.348674337168585,-0.9713004
-7.368684342171086,-0.97121096
-7.388694347173587,-0.9712527
-7.408704352176088,-0.971205
-7.428714357178588,-0.97128254
-7.448724362181089,-0.9711394
-7.46873436718359,-0.9712527
-7.488744372186094,-0.97119904
-7.508754377188595,-0.9711513
-7.5287643821910955,-0.9712467
-7.548774387193596,-0.9712229
-7.568784392196097,-0.97114533
-7.588794397198598,-0.9711931
-7.608804402201098,-0.97110957
-7.628814407203603,-0.97128254
-7.648824412206103,-0.9712885
-7.668834417208604,-0.97114533
-7.688844422211105,-0.97118706
-7.7088544272136055,-0.97118706
-7.728864432216106,-0.9711036
-7.7488744372186105,-0.9711513
-7.768884442221111,-0.971205
-7.788894447223612,-0.97127056
-7.808904452226113,-0.97125864
-7.828914457228613,-0.9711692
-7.848924462231114,-0.9712765
-7.868934467233615,-0.97132427
-7.888944472236119,-0.9713183
-7.90895447723862,-0.97131234
-7.9289644822411205,-0.9713481
-7.948974487243621,-0.9712467
-7.968984492246122,-0.9713302
-7.988994497248623,-0.97131234
-8.009004502251123,-0.97137797
-8.029014507253628,-0.9714018
-8.049024512256128,-0.9712885
-8.069034517258629,-0.97131234
-8.08904452226113,-0.97128254
-8.10905452726363,-0.9713183
-8.129064532266131,-0.9713064
-8.149074537268636,-0.9714316
-8.169084542271136,-0.9712885
-8.189094547273637,-0.9713064
-8.209104552276138,-0.9713899
-8.229114557278638,-0.9713839
-8.249124562281139,-0.9713004
-8.26913456728364,-0.97139585
-8.289144572286144,-0.9714018
-8.309154577288645,-0.9713183
-8.329164582291146,-0.9713899
-8.349174587293646,-0.9715151
-8.369184592296147,-0.97131234
-8.389194597298648,-0.97137797
-8.409204602301148,-0.97131234
-8.429214607303653,-0.97139585
-8.449224612306153,-0.9714018
-8.469234617308654,-0.9714495
-8.489244622311155,-0.9715569
-8.509254627313656,-0.971366
-8.529264632316156,-0.9714078
-8.54927463731866,-0.9714078
-8.569284642321161,-0.9713839
-8.589294647323662,-0.97135407
-8.609304652326163,-0.9713302
-8.629314657328663,-0.9714316
-8.649324662331164,-0.97136
-8.669334667333665,-0.971372
-8.68934467233617,-0.97127056
-8.70935467733867,-0.9714376
-8.72936468234117,-0.9714853
-8.749374687343671,-0.9715032
-8.769384692346172,-0.97139585
-8.789394697348673,-0.97149724
-8.809404702351173,-0.9714853
-8.829414707353678,-0.9713839
-8.849424712356178,-0.9713481
-8.86943471735868,-0.9715032
-8.88944472236118,-0.9715449
-8.90945472736368,-0.9714495
-8.929464732366181,-0.9716284
-8.949474737368682,-0.9715509
-8.969484742371186,-0.97145545
-8.989494747373687,-0.97137797
-9.009504752376188,-0.9714078
-9.029514757378688,-0.9714078
-9.04952476238119,-0.97134215
-9.06953476738369,-0.97137797
-9.089544772386194,-0.97144353
-9.109554777388695,-0.9714853
-9.129564782391196,-0.97149724
-9.149574787393696,-0.97144353
-9.169584792396197,-0.9715688
-9.189594797398698,-0.97146744
-9.209604802401198,-0.9715688
-9.229614807403703,-0.97152704
-9.249624812406203,-0.9714316
-9.269634817408704,-0.97141373
-9.289644822411205,-0.9714913
-9.309654827413706,-0.9714197
-9.329664832416206,-0.9713899
-9.349674837418707,-0.97147936
-9.369684842421211,-0.97142565
-9.389694847423712,-0.9714316
-9.409704852426213,-0.9715986
-9.429714857428714,-0.97145545
-9.449724862431214,-0.97147936
-9.469734867433715,-0.9714734
-9.48974487243622,-0.9714078
-9.50975487743872,-0.9713899
-9.52976488244122,-0.9714853
-9.549774887443721,-0.97137797
-9.569784892446222,-0.97152704
-9.589794897448723,-0.9714316
-9.609804902451224,-0.9714734
-9.629814907453728,-0.9714853
-9.649824912456229,-0.971372
-9.66983491745873,-0.9715151
-9.68984492246123,-0.9715509
-9.70985492746373,-0.9714913
-9.729864932466231,-0.9714495
-9.749874937468732,-0.9715509
-9.769884942471236,-0.9715509
-9.789894947473737,-0.9713839
-9.809904952476238,-0.9715449
-9.829914957478739,-0.9715151
-9.84992496248124,-0.9714853
-9.86993496748374,-0.97158074
-9.889944972486244,-0.97129446
-9.909954977488745,-0.9714853
-9.929964982491246,-0.97144353
-9.949974987493746,-0.9715032
-9.969984992496247,-0.9715688
-9.989994997498748,-0.97139585
-9.989994997498751,-0.97153896
-9.969984992496247,-0.97152704
-9.949974987493746,-0.97164637
-9.929964982491246,-0.9714614
-9.909954977488745,-0.97149724
-9.889944972486244,-0.9714913
-9.869934967483744,-0.9714853
-9.849924962481243,-0.97147936
-9.829914957478739,-0.97152704
-9.809904952476238,-0.9715748
-9.789894947473737,-0.9715032
-9.769884942471236,-0.97144353
-9.749874937468736,-0.9714018
-9.729864932466235,-0.9715569
-9.70985492746373,-0.9715509
-9.68984492246123,-0.9714614
-9.66983491745873,-0.9714913
-9.649824912456229,-0.97141373
-9.629814907453728,-0.9715986
-9.609804902451227,-0.9714853
-9.589794897448726,-0.9714018
-9.569784892446222,-0.9716046
-9.549774887443721,-0.97146744
-9.52976488244122,-0.97144353
-9.50975487743872,-0.9713362
-9.48974487243622,-0.97145545
-9.469734867433719,-0.9715032
-9.449724862431218,-0.971533
-9.429714857428714,-0.9714376
-9.409704852426213,-0.9715151
-9.389694847423712,-0.97144353
-9.369684842421211,-0.97132427
-9.34967483741871,-0.9713839
-9.32966483241621,-0.97146744
-9.30965482741371,-0.97142565
-9.289644822411205,-0.9713004
-9.269634817408704,-0.97146744
-9.249624812406203,-0.97147936
-9.229614807403703,-0.97141373
-9.209604802401202,-0.9715032
-9.189594797398701,-0.97146744
-9.169584792396197,-0.9713004
-9.149574787393696,-0.9713481
-9.129564782391196,-0.97136
-9.109554777388695,-0.97141373
-9.089544772386194,-0.97137797
-9.069534767383693,-0.9714018
-9.049524762381193,-0.9713839
-9.029514757378688,-0.97131234
-9.009504752376188,-0.9714018
-8.989494747373687,-0.97141373
-8.969484742371186,-0.97144353
-8.949474737368686,-0.9714197
-8.929464732366185,-0.9714376
-8.909454727363684,-0.97139585
-8.88944472236118,-0.9712229
-8.86943471735868,-0.9713481
-8.849424712356178,-0.9713004
-8.829414707353678,-0.97124076
-8.809404702351177,-0.97124076
-8.789394697348676,-0.9713839
-8.769384692346172,-0.97124076
-8.749374687343671,-0.9714316
-8.72936468234117,-0.97134215
-8.70935467733867,-0.9713064
-8.68934467233617,-0.9712646
-8.669334667333668,-0.97131234
-8.649324662331168,-0.9713362
-8.629314657328663,-0.97127056
-8.609304652326163,-0.9713064
-8.589294647323662,-0.97132427
-8.569284642321161,-0.9712527
-8.54927463731866,-0.97131234
-8.52926463231616,-0.9713064
-8.50925462731366,-0.9712646
-8.489244622311155,-0.971205
-8.469234617308654,-0.97125864
-8.449224612306153,-0.9712169
-8.429214607303653,-0.97115725
-8.409204602301152,-0.9711692
-8.389194597298651,-0.97117513
-8.369184592296147,-0.97122884
-8.349174587293646,-0.97118706
-8.329164582291146,-0.97115725
-8.309154577288645,-0.97110957
-8.289144572286144,-0.97118706
-8.269134567283643,-0.97115725
-8.249124562281143,-0.9712885
-8.229114557278638,-0.97128254
-8.209104552276138,-0.9713362
-8.189094547273637,-0.97121096
-8.169084542271136,-0.9711215
-8.149074537268636,-0.97127056
-8.129064532266135,-0.97117513
-8.109054527263634,-0.97110957
-8.08904452226113,-0.9710499
-8.069034517258629,-0.97115725
-8.049024512256128,-0.9711692
-8.029014507253628,-0.9710201
-8.009004502251127,-0.971038
-7.988994497248626,-0.9710081
-7.968984492246122,-0.971032
-7.948974487243621,-0.97100216
-7.9289644822411205,-0.971038
-7.90895447723862,-0.9709783
-7.888944472236119,-0.9709962
-7.868934467233618,-0.9709366
-7.848924462231118,-0.9709247
-7.828914457228613,-0.9709843
-7.808904452226113,-0.97099024
-7.788894447223612,-0.97100216
-7.768884442221111,-0.97094256
-7.7488744372186105,-0.9709962
-7.72886443221611,-0.97080535
-7.708854427213609,-0.97096044
-7.688844422211105,-0.9709664
-7.668834417208604,-0.9708232
-7.648824412206103,-0.97097236
-7.628814407203603,-0.9707517
-7.608804402201102,-0.9707815
-7.588794397198601,-0.9708113
-7.5687843921961,-0.97087693
-7.548774387193596,-0.970871
-7.5287643821910955,-0.97067416
-7.508754377188595,-0.9708113
-7.488744372186094,-0.97063833
-7.468734367183593,-0.97074574
-7.448724362181093,-0.97080535
-7.428714357178588,-0.97072184
-7.408704352176088,-0.97057873
-7.388694347173587,-0.97073376
-7.368684342171086,-0.97067416
-7.348674337168585,-0.9706264
-7.328664332166085,-0.97066224
-7.308654327163584,-0.97072184
-7.28864432216108,-0.9706443
-7.268634317158579,-0.97062045
-7.248624312156078,-0.97067416
-7.228614307153578,-0.97065026
-7.208604302151077,-0.9705847
-7.188594297148576,-0.9705012
-7.168584292146075,-0.97045344
-7.148574287143571,-0.970364
-7.12856428214107,-0.97042364
-7.10855427713857,-0.970364
-7.088544272136069,-0.97048926
-7.068534267133568,-0.9703461
-7.0485242621310675,-0.9704952
-7.028514257128563,-0.9703461
-7.0085042521260625,-0.9704296
-6.988494247123562,-0.97035205
-6.968484242121061,-0.9702328
-6.94847423711856,-0.97020894
-6.92846423211606,-0.97018504
-6.908454227113559,-0.9702149
-6.888444222111055,-0.97026855
-6.868434217108554,-0.9701493
-6.848424212106053,-0.9701075
-6.8284142071035525,-0.9700658
-6.808404202101052,-0.9700956
-6.788394197098551,-0.970018
-6.76838419209605,-0.970024
-6.748374187093546,-0.97007173
-6.728364182091045,-0.97007173
-6.708354177088545,-0.96988684
-6.688344172086044,-0.97000015
-6.668334167083543,-0.9698809
-6.6483241620810425,-0.9698212
-6.628314157078538,-0.96984506
-6.6083041520760375,-0.9697496
-6.588294147073537,-0.96961844
-6.568284142071036,-0.96961844
-6.548274137068535,-0.9696125
-6.528264132066035,-0.96973175
-6.508254127063534,-0.96963036
-6.48824412206103,-0.9696125
-6.468234117058529,-0.9695409
-6.448224112056028,-0.9694395
-6.4282141070535275,-0.96953493
-6.408204102051027,-0.96944547
-6.388194097048526,-0.9693739
-6.368184092046025,-0.96932024
-6.348174087043521,-0.9692904
-6.32816408204102,-0.9694514
-6.30815407703852,-0.96921283
-6.288144072036019,-0.9693023
-6.268134067033518,-0.9691413
-6.2481240620310174,-0.9690459
-6.228114057028513,-0.969022
-6.2081040520260125,-0.9689624
-6.188094047023512,-0.9689743
-6.168084042021011,-0.96881324
-6.14807403701851,-0.96889675
-6.12806403201601,-0.968849
-6.108054027013509,-0.9687178
-6.088044022011005,-0.9687715
-6.068034017008504,-0.96867603
-6.048024012006003,-0.9684673
-6.028014007003502,-0.9685926
-6.008004002001002,-0.9684256
-5.987993996998501,-0.9683361
-5.967983991996,-0.968354
-5.947973986993496,-0.96833014
-5.927963981990995,-0.9682168
-5.907953976988495,-0.96820486
-5.887943971985994,-0.9680438
-5.867933966983493,-0.9681094
-5.847923961980992,-0.9679186
-5.827913956978492,-0.9678709
-5.807903951975987,-0.9677814
-5.787893946973487,-0.967674
-5.767883941970986,-0.9675607
-5.747873936968485,-0.9674295
-5.7278639319659845,-0.96752495
-5.707853926963484,-0.9675309
-5.6878439219609795,-0.9673221
-5.667833916958479,-0.9673281
-5.647823911955978,-0.9671969
-5.627813906953477,-0.96713126
-5.607803901950977,-0.9669583
-5.587793896948476,-0.966845
-5.567783891945975,-0.9665766
-5.547773886943471,-0.96677935
-5.52776388194097,-0.9665468
-5.5077538769384695,-0.96652293
-5.487743871935969,-0.9662008
-5.467733866933468,-0.96631414
-5.447723861930967,-0.96612924
-5.427713856928467,-0.9661054
-5.407703851925962,-0.9659384
-5.387693846923462,-0.96589667
-5.367683841920961,-0.965664
-5.34767383691846,-0.96578926
-5.3276638319159595,-0.96542543
-5.307653826913459,-0.9652048
-5.2876438219109545,-0.9652346
-5.267633816908454,-0.96499
-5.247623811905953,-0.96492445
-5.227613806903452,-0.96492445
-5.207603801900952,-0.9645964
-5.187593796898451,-0.96453077
-5.16758379189595,-0.9643459
-5.147573786893446,-0.9642564
-5.127563781890945,-0.96420276
-5.1075537768884445,-0.96396416
-5.087543771885944,-0.96388066
-5.067533766883443,-0.9635526
-5.047523761880942,-0.96345717
-5.027513756878442,-0.963153
-5.007503751875937,-0.9631113
-4.987493746873437,-0.9629383
-4.967483741870936,-0.9627355
-4.947473736868435,-0.962646
-4.9274637318659344,-0.9625029
-4.907453726863434,-0.9622226
-4.8874437218609295,-0.9620675
-4.867433716858429,-0.9619124
-4.847423711855928,-0.96159035
-4.827413706853427,-0.9614472
-4.807403701850927,-0.9613458
-4.787393696848426,-0.960976
-4.767383691845925,-0.9608388
-4.747373686843421,-0.96060026
-4.72736368184092,-0.96032584
-4.707353676838419,-0.9601887
-4.687343671835919,-0.9600694
-4.667333666833418,-0.9596817
-4.647323661830917,-0.95943123
-4.6273136568284166,-0.95922244
-4.607303651825912,-0.95898986
-4.587293646823412,-0.9586916
-4.567283641820911,-0.958459
-4.54727363681841,-0.95821446
-4.527263631815909,-0.95790434
-4.507253626813409,-0.9577671
-4.487243621810904,-0.9575047
-4.467233616808404,-0.957123
-4.447223611805903,-0.95674723
-4.427213606803402,-0.9565802
-4.4072036018009015,-0.95628196
-4.387193596798401,-0.95588833
-4.3671835917959,-0.9556915
-4.347173586793396,-0.955441
-4.327163581790895,-0.9549996
-4.307153576788394,-0.9546239
-4.287143571785894,-0.95439124
-4.267133566783393,-0.95397973
-4.247123561780892,-0.9537292
-4.2271135567783915,-0.9533296
-4.207103551775887,-0.9528823
-4.1870935467733865,-0.952429
-4.167083541770886,-0.95205915
-4.147073536768385,-0.951922
-4.127063531765884,-0.9512838
-4.107053526763384,-0.9511168
-4.087043521760883,-0.9504846
-4.067033516758379,-0.9501386
-4.047023511755878,-0.9498046
-4.027013506753377,-0.94932747
-4.0070035017508765,-0.94889206
-3.9869934967483758,-0.94845665
-3.966983491745875,-0.9479974
-3.946973486743371,-0.9475441
-3.92696348174087,-0.9470252
-3.9069534767383693,-0.9466554
-3.8869434717358686,-0.946047
-3.866933466733368,-0.9456653
-3.846923461730867,-0.94515836
-3.8269134567283665,-0.9447349
-3.806903451725862,-0.94414437
-3.7868934467233615,-0.94353604
-3.7668834417208608,-0.942868
-3.74687343671836,-0.94240874
-3.7268634317158593,-0.94196737
-3.7068534267133586,-0.9413232
-3.686843421710858,-0.9407924
-3.6668334167083536,-0.940017
-3.646823411705853,-0.9394444
-3.626813406703352,-0.93876445
-3.6068034017008515,-0.9382635
-3.5867933966983507,-0.9375358
-3.56678339169585,-0.9369513
-3.5467733866933457,-0.9363668
-3.526763381690845,-0.9356212
-3.5067533766883443,-0.93499494
-3.4867433716858436,-0.93411225
-3.466733366683343,-0.9334561
-3.446723361680842,-0.9327404
-3.4267133566783414,-0.9319591
-3.406703351675837,-0.9312254
-3.3866933466733364,-0.9303666
-3.3666833416708357,-0.92966276
-3.346673336668335,-0.92879194
-3.3266633316658343,-0.9280464
-3.3066533266633336,-0.9271995
-3.286643321660833,-0.9263823
-3.2666333166583286,-0.9254459
-3.246623311655828,-0.92456913
-3.226613306653327,-0.9237043
-3.2066033016508264,-0.9226963
-3.1865932966483257,-0.9216883
-3.166583291645825,-0.920901
-3.1465732866433207,-0.919899
-3.12656328164082,-0.91899836
-3.1065532766383193,-0.9178592
-3.0865432716358185,-0.9167856
-3.066533266633318,-0.91583127
-3.046523261630817,-0.9146503
-3.0265132566283164,-0.91347533
-3.006503251625812,-0.9126224
-2.9864932466233114,-0.91132814
-2.9664832416208107,-0.9102187
-2.94647323661831,-0.90900797
-2.9264632316158092,-0.9078032
-2.9064532266133085,-0.9065864
-2.886443221610808,-0.90535176
-2.8664332166083035,-0.9042126
-2.846423211605803,-0.90284073
-2.826413206603302,-0.90149873
-2.8064032016008014,-0.9002999
-2.7863931965983006,-0.89875513
-2.7663831915958,-0.8973058
-2.7463731865932957,-0.89608306
-2.726363181590795,-0.89475745
-2.706353176588294,-0.89320225
-2.6863431715857935,-0.891908
-2.666333166583293,-0.89013654
-2.646323161580792,-0.888884
-2.6263131565782913,-0.8872557
-2.606303151575787,-0.8856513
-2.5862931465732864,-0.8839037
-2.5662831415707856,-0.88235295
-2.546273136568285,-0.88069487
-2.526263131565784,-0.8791381
-2.5062531265632835,-0.8773727
-2.4862431215607828,-0.8755893
-2.4662331165582785,-0.8738656
-2.4462231115557778,-0.8721001
-2.426213106553277,-0.8702094
-2.4062031015507763,-0.8685274
-2.3861930965482756,-0.8665234
-2.366183091545775,-0.8646923
-2.346173086543274,-0.86277175
-2.32616308154077,-0.86069614
-2.306153076538269,-0.85871
-2.2861430715357685,-0.8566761
-2.2661330665332677,-0.8545408
-2.246123061530767,-0.85250103
-2.2261130565282663,-0.85053277
-2.206103051525762,-0.84824836
-2.1860930465232613,-0.84600574
-2.1660830415207606,-0.8438884
-2.14607303651826,-0.84155035
-2.126063031515759,-0.83927786
-2.1060530265132584,-0.83705914
-2.0860430215107577,-0.83453023
-2.0660330165082534,-0.83221006
-2.0460230115057527,-0.82971096
-2.026013006503252,-0.8272894
-2.0060030015007513,-0.8249871
-1.9859929964982506,-0.822333
-1.9659829914957498,-0.8197325
-1.9459729864932491,-0.81732285
-1.9259629814907449,-0.814615
-1.9059529764882441,-0.81188923
-1.8859429714857434,-0.80921125
-1.8659329664832427,-0.8063781
-1.845922961480742,-0.8035808
-1.8259129564782413,-0.8008014
-1.805902951475737,-0.79796827
-1.7858929464732363,-0.7950517
-1.7658829414707355,-0.7920576
-1.7458729364682348,-0.789129
-1.725862931465734,-0.78617066
-1.7058529264632334,-0.78310496
-1.6858429214607327,-0.7798603
-1.6658329164582284,-0.7768721
-1.6458229114557277,-0.7737468
-1.625812906453227,-0.7705379
-1.6058029014507262,-0.76717395
-1.5857928964482255,-0.7638995
-1.5657828914457248,-0.7606131
-1.545772886443224,-0.7570762
-1.5257628814407198,-0.75365263
-1.505752876438219,-0.75013363
-1.4857428714357184,-0.74665636
-1.4657328664332177,-0.74335206
-1.445722861430717,-0.7397078
-1.4257128564282162,-0.735986
-1.405702851425712,-0.7322821
-1.3856928464232112,-0.72857225
-1.3656828414207105,-0.72481465
-1.3456728364182098,-0.7209318
-1.325662831415709,-0.7173233
-1.3056528264132083,-0.7132794
-1.2856428214107076,-0.70948607
-1.2656328164082034,-0.7055973
-1.2456228114057026,-0.7014878
-1.225612806403202,-0.6976169
-1.2056028014007012,-0.6935432
-1.1855927963982005,-0.68951124
-1.1655827913956998,-0.6854077
-1.145572786393199,-0.6812326
-1.1255627813906948,-0.67684877
-1.105552776388194,-0.67278695
-1.0855427713856933,-0.66859996
-1.0655327663831926,-0.664234
-1.045522761380692,-0.6598919
-1.0255127563781912,-0.65546626
-1.005502751375687,-0.65098107
-0.9854927463731862,-0.64650774
-0.9654827413706855,-0.64222527
-0.9454727363681847,-0.63763267
-0.925462731365684,-0.63315934
-0.9054527263631833,-0.62848324
-0.8854427213606826,-0.6239383
-0.8654327163581783,-0.6194889
-0.8454227113556776,-0.61477697
-0.8254127063531769,-0.61017245
-0.8054027013506762,-0.605389
-0.7853926963481754,-0.6007248
-0.7653826913456747,-0.59598905
-0.745372686343174,-0.5914084
-0.7253626813406697,-0.586446
-0.705352676338169,-0.58159095
-0.6853426713356683,-0.57683134
-0.6653326663331676,-0.5719524
-0.6453226613306668,-0.5670616
-0.6253126563281661,-0.56250477
-0.6053026513256654,-0.5574231
-0.5852926463231611,-0.5524965
-0.5652826413206604,-0.5474983
-0.5452726363181597,-0.5425478
-0.525262631315659,-0.5376928
-0.5052526263131583,-0.53267074
-0.48524262131065754,-0.5278276
-0.46523261630815327,-0.522901
-0.44522261130565255,-0.51771194
-0.42521260630315183,-0.5125587
-0.4052026013006511,-0.5076679
-0.3851925962981504,-0.50277704
-0.3651825912956497,-0.49769536
-0.34517258629314895,-0.492554
-0.3251625812906447,-0.48756775
-0.30515257628814396,-0.48260537
-0.28514257128564324,-0.47739246
-0.2651325662831425,-0.47241813
-0.2451225612806418,-0.46739608
-0.22511255627814108,-0.46240982
-0.20510255127564037,-0.4571492
-0.1850925462731361,-0.45236573
-0.16508254127063537,-0.4472125
-0.14507253626813466,-0.44222623
-0.12506253126563394,-0.4372996
-0.10505252626313322,-0.43207476
-0.0850425212606325,-0.4272436
-0.06503251625812823,-0.42230505
-0.045022511255627506,-0.41715178
-0.025012506253126787,-0.41221324
-0.005002501250626068,-0.4073224
0.015007503751874651,-0.402527
0.03501750875437537,-0.39756462
0.05502751375687609,-0.39257836
0.07503751875938036,-0.3878784
0.09504752376188108,-0.38301143
0.1150575287643818,-0.3780729
0.13506753376688252,-0.3732536
0.15507753876938324,-0.36845824
0.17508754377188396,-0.36382982
0.19509754877438468,-0.3590583
0.21510755377688895,-0.3543106
0.23511755877938967,-0.34953907
0.2551275637818904,-0.34481525
0.2751375687843911,-0.34030616
0.2951475737868918,-0.33563003
0.31515757878939255,-0.33116865
0.3351675837918968,-0.32658798
0.35517758879439754,-0.32210273
0.37518759379689826,-0.31754592
0.395197598799399,-0.3132038
0.4152076038018997,-0.30876628
0.4352176088044004,-0.30432874
0.45522761380690113,-0.3000105
0.4752376188094054,-0.29562068
0.4952476238119061,-0.29137403
0.5152576288144068,-0.28703192
0.5352676338169076,-0.28273752
0.5552776388194083,-0.27853858
0.575287643821909,-0.27448276
0.5952976488244097,-0.2705224
0.615307653826914,-0.2665143
0.6353176588294147,-0.26238692
0.6553276638319154,-0.25835496
0.6753376688344161,-0.254323
0.6953476738369169,-0.2505535
0.7153576788394176,-0.24656926
0.7353676838419219,-0.24272817
0.7553776888444226,-0.23898253
0.7753876938469233,-0.23514143
0.795397698849424,-0.23151506
0.8154077038519247,-0.2279364
0.8354177088544255,-0.22426233
0.8554277138569262,-0.22058824
0.8754377188594304,-0.21681872
0.8954477238619312,-0.21345478
0.9154577288644319,-0.21016243
0.9354677338669326,-0.20644063
0.9554777388694333,-0.20329142
0.975487743871934,-0.19990362
0.9954977488744348,-0.19651583
1.015507753876939,-0.19336662
1.0355177588794398,-0.19012196
1.0555277638819405,-0.18702047
1.0755377688844412,-0.18394282
1.095547773886942,-0.18086518
1.1155577788894426,-0.17778754
1.1355677838919433,-0.17466217
1.1555777888944476,-0.17172769
1.1755877938969483,-0.16896018
1.195597798899449,-0.16595411
1.2156078039019498,-0.16311505
1.2356178089044505,-0.16039528
1.2556278139069512,-0.1575562
1.2756378189094555,-0.15469329
1.2956478239119562,-0.15202123
1.315657828914457,-0.14934917
1.3356678339169576,-0.14679639
1.3556778389194584,-0.14424361
1.375687843921959,-0.1417147
1.3956978489244598,-0.13928121
1.415707853926964,-0.13684773
1.4357178589294648,-0.13446197
1.4557278639319655,-0.13176605
1.4757378689344662,-0.129595
1.495747873936967,-0.12742394
1.5157578789394677,-0.12510975
1.5357678839419684,-0.12274784
1.5557778889444727,-0.12052907
1.5757878939469734,-0.11833416
1.595797898949474,-0.116210826
1.6158079039519748,-0.11411135
1.6358179089544755,-0.11210731
1.6558279139569763,-0.10976925
1.6758379189594805,-0.10800378
1.6958479239619813,-0.10595202
1.715857928964482,-0.10411498
1.7358679339669827,-0.10211093
1.7558779389694834,-0.100202315
1.7758879439719841,-0.09855613
1.7958979489744848,-0.09636123
1.8159079539769891,-0.09464347
1.8359179589794898,-0.093045
1.8559279639819906,-0.09123182
1.8759379689844913,-0.089537926
1.895947973986992,-0.088011034
1.9159579789894927,-0.08617399
1.9359679839919934,-0.0846471
1.9559779889944977,-0.08319178
1.9759879939969984,-0.08133088
1.9959979989994991,-0.07997099
2.0160080040020034,-0.07853953
2.0360180090045006,-0.077012636
2.056028014007005,-0.07558118
2.076038019009502,-0.07422128
2.0960480240120063,-0.072598964
2.1160580290145035,-0.0713345
2.1360680340170077,-0.07026091
2.156078039019512,-0.06878173
2.176088044022009,-0.06758885
2.1960980490245134,-0.066228956
2.2161080540270106,-0.06484521
2.236118059029515,-0.0637239
2.256128064032012,-0.0624833
2.2761380690345163,-0.06143356
2.2961480740370206,-0.060264535
2.3161580790395178,-0.05916708
2.336168084042022,-0.05802191
2.356178089044519,-0.056829028
2.3761880940470235,-0.055827003
2.3961980990495206,-0.054514833
2.416208104052025,-0.053632095
2.436218109054529,-0.052701645
2.4562281140570263,-0.051651906
2.4762381190595306,-0.050554454
2.496248124062028,-0.04957629
2.516258129064532,-0.04874127
2.5362681340670292,-0.047977824
2.5562781390695335,-0.046928085
2.5762881440720378,-0.045902204
2.596298149074535,-0.04501947
2.616308154077039,-0.044232164
2.6363181590795364,-0.043468717
2.6563281640820406,-0.042466696
2.676338169084538,-0.041631676
2.696348174087042,-0.04096366
2.7163581790895464,-0.039913923
2.7363681840920435,-0.039269764
2.756378189094548,-0.038577892
2.776388194097045,-0.03769516
2.7963981990995492,-0.037051
2.8164082041020535,-0.03621598
2.8364182091045507,-0.035643395
2.856428214107055,-0.035046954
2.876438219109552,-0.034164216
2.8964482241120564,-0.0334962
2.9164582291145535,-0.032875903
2.936468234117058,-0.032327175
2.956478239119562,-0.031492155
2.9764882441220593,-0.030919572
2.9964982491245635,-0.030227698
3.0165082541270607,-0.02979826
3.036518259129565,-0.029154101
3.056528264132062,-0.028581517
3.0765382691345664,-0.028008932
3.0965482741370707,-0.027484063
3.116558279139568,-0.027030768
3.136568284142072,-0.026362753
3.1565782891445693,-0.025694737
3.1765882941470736,-0.025384586
3.1965982991495707,-0.024979006
3.216608304152075,-0.024382563
3.2366183091545793,-0.023976982
3.2566283141570764,-0.023499828
3.2766383191595807,-0.023046533
3.296648324162078,-0.022521663
3.316658329164582,-0.022068366
3.3366683341670793,-0.021686643
3.3566783391695836,-0.021161774
3.376688344172088,-0.020875482
3.396698349174585,-0.020469902
3.4167083541770893,-0.019945033
3.4367183591795865,-0.019730313
3.4567283641820907,-0.019324733
3.476738369184588,-0.01872829
3.496748374187092,-0.018489713
3.5167583791895964,-0.018179564
3.5367683841920936,-0.017750124
3.556778389194598,-0.017344544
3.576788394197095,-0.017034393
3.5967983991995993,-0.016700385
3.6168084042021036,-0.016485667
3.6368184092046008,-0.016056228
3.656828414207105,-0.015841508
3.676838419209602,-0.015650647
3.6968484242121065,-0.01531664
3.7168584292146036,-0.01479177
3.736868434217108,-0.014577051
3.756878439219612,-0.014457762
3.7768884442221093,-0.014147612
3.7968984492246136,-0.013789747
3.816908454227111,-0.013479597
3.836918459229615,-0.013288735
3.856928464232112,-0.013121732
3.8769384692346165,-0.012811582
3.8969484742371208,-0.012453716
3.916958479239618,-0.012215139
3.936968484242122,-0.011952705
3.9569784892446194,-0.011761843
3.9769884942471236,-0.011475551
3.996998499249621,-0.01138012
4.017008504252125,-0.0110461125
4.037018509254629,-0.010902966
4.0570285142571265,-0.01075982
4.077038519259631,-0.01044967
4.097048524262128,-0.010378097
4.117058529264632,-0.01013952
4.137068534267129,-0.009877086
4.157078539269634,-0.0096623665
4.177088544272138,-0.009399932
4.197098549274635,-0.009304501
4.217108554277139,-0.009018208
4.2371185592796365,-0.008898919
4.257128564282141,-0.008708058
4.277138569284638,-0.008541054
4.297148574287142,-0.008350193
4.3171585792896465,-0.008254762
4.337168584292144,-0.008040043
4.357178589294648,-0.007992327
4.377188594297145,-0.007801466
4.397198599299649,-0.0076821777
4.417208604302147,-0.007324312
4.437218609304651,-0.007252739
4.457228614307155,-0.0070380196
4.477238619309652,-0.007085735
4.4972486243121566,-0.006942589
4.517258629314654,-0.0068710158
4.537268634317158,-0.006608581
4.557278639319662,-0.006322289
4.577288644322159,-0.0064415773
4.597298649324664,-0.006155285
4.617308654327161,-0.005916708
4.637318659329665,-0.006012139
4.657328664332162,-0.0058212774
4.677338669334667,-0.005701989
4.697348674337171,-0.005630416
4.717358679339668,-0.0053441236
4.737368684342172,-0.0054395543
4.7573786893446695,-0.0050578313
4.777388694347174,-0.0050339736
4.797398699349671,-0.004914685
4.817408704352175,-0.004914685
4.837418709354679,-0.0049624005
4.857428714357177,-0.004771539
4.877438719359681,-0.004628393
4.897448724362178,-0.004437531
4.917458729364682,-0.004604535
4.9374687343671795,-0.004437531
4.957478739369684,-0.0042943847
4.977488744372188,-0.004198954
4.997498749374685,-0.0040796655
5.0175087543771895,-0.00403195
5.037518759379687,-0.0039126617
5.057528764382191,-0.0038410889
5.077538769384688,-0.0037695155
5.097548774387192,-0.0038410889
5.117558779389697,-0.0036740848
5.137568784392194,-0.003507081
5.157578789394698,-0.003507081
5.177588794397195,-0.0033400771
5.1975987993996995,-0.0034593656
5.217608804402197,-0.0033400771
5.237618809404701,-0.0032446464
5.257628814407205,-0.0031015002
5.277638819409702,-0.0032207887
5.297648824412207,-0.0030776425
5.317658829414704,-0.0028390656
5.337668834417208,-0.0029344964
5.357678839419712,-0.0029106387
5.3776888444222095,-0.002815208
5.397698849424714,-0.0027436349
5.417708854427211,-0.0026959195
5.437718859429715,-0.0026004887
5.457728864432212,-0.0026004887
5.477738869434717,-0.002505058
5.497748874437221,-0.002433485
5.517758879439718,-0.002576631
5.537768884442222,-0.002266481
5.5577788894447195,-0.002433485
5.577788894447224,-0.0023141964
5.597798899449721,-0.0022903387
5.617808904452225,-0.0021233347
5.6378189094547295,-0.0022187654
5.657828914457227,-0.0020756193
5.677838919459731,-0.002027904
5.697848924462228,-0.002027904
5.717858929464732,-0.0019563308
5.73786893446723,-0.0019801885
5.757878939469734,-0.0018609001
5.777888944472238,-0.0019324733
5.797898949474735,-0.0018847578
5.8179089544772395,-0.0019086156
5.837918959479737,-0.0017416116
5.857928964482241,-0.001789327
5.877938969484738,-0.0018131847
5.897948974487242,-0.0017654693
5.917958979489747,-0.0015746078
5.937968984492244,-0.0016223232
5.957978989494748,-0.0015984655
5.977988994497245,-0.0015746078
5.99799899949975,-0.0015746078
6.018009004502247,-0.0014553193
6.038019009504751,-0.0013837463
6.058029014507255,-0.0014314617
6.0780390195097524,-0.001407604
6.098049024512257,-0.0013837463
6.118059029514754,-0.0015030347
6.138069034517258,-0.0013360309
6.158079039519755,-0.0013360309
6.17808904452226,-0.0012883155
6.198099049524764,-0.0013837463
6.218109054527261,-0.0013837463
6.238119059529765,-0.0013121732
6.2581290645322625,-0.0012644578
6.278139069534767,-0.0012406001
6.298149074537271,-0.0010974539
6.318159079539768,-0.0011928848
6.3381690845422725,-0.0011213116
6.35817908954477,-0.0011451694
6.378189094547274,-0.0010974539
6.398199099549771,-0.0010258808
6.418209104552275,-0.00090659235
6.43821910955478,-0.0010497385
6.458229114557277,-0.00090659235
6.478239119559781,-0.0010258808
6.498249124562278,-0.0010497385
6.5182591295647825,-0.0009543078
6.53826913456728,-0.00090659235
6.558279139569784,-0.00088273466
6.578289144572288,-0.00088273466
6.598299149574785,-0.0008350193
6.61830915457729,-0.00090659235
6.638319159579787,-0.0008111616
6.658329164582291,-0.0008111616
6.678339169584788,-0.0007157308
6.6983491745872925,-0.0007873039
6.718359179589797,-0.0008350193
6.738369184592294,-0.0009543078
6.758379189594798,-0.0007157308
6.778389194597295,-0.00085887697
6.7983991995998,-0.00062030007
6.818409204602297,-0.00069187314
6.838419209604801,-0.00069187314
6.858429214607305,-0.0005964424
6.8784392196098025,-0.0007157308
6.898449224612307,-0.00062030007
6.918459229614804,-0.0005964424
6.938469234617308,-0.00054872694
6.958479239619805,-0.00054872694
6.97848924462231,-0.00052486925
6.998499249624814,-0.00064415776
7.018509254627311,-0.0004055808
7.038519259629815,-0.00062030007
7.058529264632313,-0.0004771539
7.078539269634817,-0.00052486925
7.098549274637321,-0.0005725847
7.118559279639818,-0.00054872694
7.1385692846423225,-0.00052486925
7.15857928964482,-0.00050101156
7.178589294647324,-0.0005725847
7.198599299649821,-0.00066801545
7.218609304652325,-0.0005964424
7.23861930965483,-0.0004771539
7.258629314657327,-0.0003817231
7.278639319659831,-0.0004771539
7.298649324662328,-0.00045329618
7.318659329664833,-0.0003578654
7.33866933466733,-0.00033400772
7.358679339669834,-0.0004771539
7.378689344672338,-0.00028629234
7.3986993496748354,-0.0003578654
7.41870935467734,-0.0004771539
7.438719359679837,-0.00042943849
7.458729364682341,-0.0004055808
7.478739369684838,-0.0003578654
7.498749374687343,-0.00031015003
7.518759379689847,-0.00028629234
7.538769384692344,-0.0003817231
7.558779389694848,-0.00031015003
7.5787893946973455,-0.00028629234
7.59879939969985,-0.0003578654
7.618809404702347,-0.0003578654
7.638819409704851,-0.00026243462
7.6588294147073555,-0.0004055808
7.678839419709853,-0.00026243462
7.698849424712357,-0.000119288474
7.718859429714854,-0.00019086155
7.738869434717358,-0.00016700386
7.7588794397198555,-0.00028629234
7.77888944472236,-0.00031015003
7.798899449724864,-0.00023857695
7.818909454727361,-0.0003578654
7.8389194597298655,-0.00019086155
7.858929464732363,-0.00016700386
7.878939469734867,-0.00023857695
7.898949474737364,-0.00028629234
7.918959479739868,-0.00023857695
7.938969484742373,-0.00033400772
7.95897948974487,-0.00016700386
7.978989494747374,-0.00014314617
7.998999499749871,-0.00016700386
8.019009504752376,-0.000119288474
8.03901950975488,-0.00021471924
8.059029514757377,-0.00021471924
8.079039519759881,-0.000119288474
8.099049524762378,-0.00016700386
8.119059529764883,-7.1573086e-05
8.13906953476738,-0.00019086155
8.159079539769884,-9.5430776e-05
8.179089544772388,-0.00019086155
8.199099549774886,-0.00016700386
8.21910955477739,-4.7715388e-05
8.239119559779887,-9.5430776e-05
8.259129564782391,-4.7715388e-05
8.279139569784888,-0.00016700386
8.299149574787393,-0.00019086155
8.319159579789897,-0.00028629234
8.339169584792394,-0.00021471924
8.359179589794898,-0.00019086155
8.379189594797396,-0.00016700386
8.3991995997999,-7.1573086e-05
8.419209604802397,-0.0
8.439219609804901,-7.1573086e-05
8.459229614807406,-4.7715388e-05
8.479239619809903,-0.000119288474
8.499249624812407,-2.3857694e-05
8.519259629814904,-9.5430776e-05
8.539269634817408,-0.00023857695
8.559279639819906,-9.5430776e-05
8.57928964482241,-2.3857694e-05
8.599299649824914,-0.00014314617
8.619309654827411,-2.3857694e-05
8.639319659829916,2.3857694e-05
8.659329664832413,-0.000119288474
8.679339669834917,2.3857694e-05
8.699349674837414,-0.000119288474
8.719359679839918,-2.3857694e-05
8.739369684842423,-9.5430776e-05
8.75937968984492,-0.000119288474
8.779389694847424,-7.1573086e-05
8.799399699849921,-4.7715388e-05
8.819409704852426,-0.00016700386
8.83941970985493,-7.1573086e-05
8.859429714857427,-7.1573086e-05
8.879439719859931,-0.00014314617
8.899449724862428,-7.1573086e-05
8.919459729864933,-9.5430776e-05
8.93946973486743,-9.5430776e-05
8.959479739869934,-2.3857694e-05
8.979489744872438,-0.00019086155
8.999499749874936,4.7715388e-05
9.01950975487744,-0.00016700386
9.039519759879937,-0.00021471924
9.059529764882441,-0.00016700386
9.079539769884938,-0.00021471924
9.099549774887443,-4.7715388e-05
9.119559779889947,-4.7715388e-05
9.139569784892444,-2.3857694e-05
9.159579789894948,-0.0
9.179589794897446,-0.0
9.19959979989995,-0.00019086155
9.219609804902447,-7.1573086e-05
9.239619809904951,7.1573086e-05
9.259629814907456,-2.3857694e-05
9.279639819909953,-0.00019086155
9.299649824912457,-7.1573086e-05
9.319659829914954,-0.00014314617
9.339669834917459,-0.000119288474
9.359679839919956,-0.0
9.37968984492246,-0.00016700386
9.399699849924964,-0.000119288474
9.419709854927461,-0.00023857695
9.439719859929966,7.1573086e-05
9.459729864932463,-9.5430776e-05
9.479739869934967,-0.000119288474
9.499749874937464,4.7715388e-05
9.519759879939969,-9.5430776e-05
9.539769884942473,2.3857694e-05
9.55977988994497,2.3857694e-05
9.579789894947474,-4.7715388e-05
9.599799899949971,4.7715388e-05
9.619809904952476,-0.0
9.639819909954973,2.3857694e-05
9.659829914957477,-0.000119288474
9.679839919959981,-4.7715388e-05
9.699849924962479,2.3857694e-05
9.719859929964983,-0.00019086155
9.73986993496748,-4.7715388e-05
9.759879939969984,-0.00016700386
9.779889944972489,-7.1573086e-05
9.799899949974986,2.3857694e-05
9.81990995497749,-0.00014314617
9.839919959979987,-2.3857694e-05
9.859929964982491,-2.3857694e-05
9.879939969984989,-9.5430776e-05
9.899949974987493,-4.7715388e-05
9.919959979989997,9.5430776e-05
9.939969984992494,4.7715388e-05
9.959979989994999,-4.7715388e-05
9.979989994997496,-0.00019086155
10.0,-0.00014314617
